-- MySQL dump 10.13  Distrib 8.0.34, for Win64 (x86_64)
--
-- Host: k9a705.p.ssafy.io    Database: hotspot
-- ------------------------------------------------------
-- Server version	8.0.35

/*!40101 SET @OLD_CHARACTER_SET_CLIENT=@@CHARACTER_SET_CLIENT */;
/*!40101 SET @OLD_CHARACTER_SET_RESULTS=@@CHARACTER_SET_RESULTS */;
/*!40101 SET @OLD_COLLATION_CONNECTION=@@COLLATION_CONNECTION */;
/*!50503 SET NAMES utf8 */;
/*!40103 SET @OLD_TIME_ZONE=@@TIME_ZONE */;
/*!40103 SET TIME_ZONE='+00:00' */;
/*!40014 SET @OLD_UNIQUE_CHECKS=@@UNIQUE_CHECKS, UNIQUE_CHECKS=0 */;
/*!40014 SET @OLD_FOREIGN_KEY_CHECKS=@@FOREIGN_KEY_CHECKS, FOREIGN_KEY_CHECKS=0 */;
/*!40101 SET @OLD_SQL_MODE=@@SQL_MODE, SQL_MODE='NO_AUTO_VALUE_ON_ZERO' */;
/*!40111 SET @OLD_SQL_NOTES=@@SQL_NOTES, SQL_NOTES=0 */;

--
-- Table structure for table `hot_places`
--

DROP TABLE IF EXISTS `hot_places`;
/*!40101 SET @saved_cs_client     = @@character_set_client */;
/*!50503 SET character_set_client = utf8mb4 */;
CREATE TABLE `hot_places` (
  `id` bigint NOT NULL,
  `address_name` varchar(255) NOT NULL,
  `category` varchar(255) NOT NULL,
  `like_count` int NOT NULL,
  `phone` varchar(255) NOT NULL,
  `place_name` varchar(255) NOT NULL,
  `place_type` enum('FLAG','HOT_PLACE') NOT NULL,
  `road_address_name` varchar(255) NOT NULL,
  `x` double NOT NULL,
  `y` double NOT NULL,
  `tier` int NOT NULL,
  PRIMARY KEY (`id`)
) ENGINE=InnoDB DEFAULT CHARSET=utf8mb4 COLLATE=utf8mb4_0900_ai_ci;
/*!40101 SET character_set_client = @saved_cs_client */;

--
-- Dumping data for table `hot_places`
--

LOCK TABLES `hot_places` WRITE;
/*!40000 ALTER TABLE `hot_places` DISABLE KEYS */;
INSERT INTO `hot_places` VALUES (7913306,'부산 해운대구 우동','관광명소',5,'051-749-7612','해운대해수욕장','FLAG','',129.159854668484,35.1585232170784,0),(7967869,'서울 강남구 역삼동 800','기타',2,'02-2656-0925','신논현역 9호선','FLAG','서울 강남구 봉은사로 지하 102',127.025492036104,37.504811111562,0),(8046653,'서울 강남구 역삼동 755','기타',1,'02-6908-1234','이마트 역삼점','FLAG','서울 강남구 역삼로 310',127.048397383795,37.49930420889,0),(8196057,'서울 종로구 세종로 119','기타',1,'1544-1900','교보문고 광화문점','FLAG','서울 종로구 종로 1',126.977908555263,37.5707974563789,0),(8202423,'부산 수영구 광안동 192-20','관광명소',1,'051-610-4722','광안리해수욕장','FLAG','부산 수영구 광안해변로 219',129.118976093583,35.1531932736837,0),(8239831,'부산 강서구 대저2동 2350','기타',1,'1661-2626','김해국제공항','FLAG','부산 강서구 공항진입로 108',128.946728737746,35.1731997026519,0),(8430129,'서울 중구 태평로1가 31','기타',2,'02-120','서울특별시청','FLAG','서울 중구 세종대로 110',126.978652258823,37.56682420267543,0),(9304489,'경남 함안군 칠서면 계내리 634-2','기타',1,'055-587-9188','원강산업','FLAG','경남 함안군 칠서면 공단안길 51',128.486486633546,35.3635340074295,0),(9917041,'인천 중구 을왕동 860','음식점',1,'032-746-2666','양자강','FLAG','인천 중구 용유서로 494',126.372013279267,37.4620340158578,0),(10347208,'서울 성동구 옥수동 5-99','관광명소',1,'','매봉산','FLAG','',127.007314449811,37.5444361154083,0),(10657560,'서울 강남구 역삼동 635-1','기타',1,'','역삼문화공원','FLAG','',127.03041938929663,37.50133927181133,0),(10751028,'인천 중구 운서동 2851','기타',1,'1577-2600','인천국제공항','FLAG','인천 중구 공항로 272',126.45042670237,37.4494502813442,0),(10808261,'제주특별자치도 제주시 용담2동 2002','기타',0,'1661-2626','제주국제공항','FLAG','제주특별자치도 제주시 공항로 2',126.492769004244,33.5070789578184,0),(10811159,'서울 강남구 역삼동 814-6','문화시설',1,'1544-1122','CGV 강남','FLAG','서울 강남구 강남대로 438',127.026391177132,37.5016573944824,0),(11276521,'강원특별자치도 춘천시 남산면 방하리 197','관광명소',1,'031-580-8114','남이섬','FLAG','강원특별자치도 춘천시 남산면 남이섬길 1',127.52521014329739,37.79144074509299,0),(11635431,'제주특별자치도 서귀포시 서귀동 316-1','관광명소',2,'','올레길 7코스(서귀포-월평 올레)','FLAG','제주특별자치도 서귀포시 중정로 22',126.51530966206293,33.23738579332568,0),(12026995,'서울 강남구 역삼동 669-18','음식점',3,'02-566-0501','지아니스나폴리 역삼점','FLAG','서울 강남구 논현로94길 15',127.037556138412,37.5026707070231,0),(12341699,'서울 강남구 역삼동 696-43','음식점',1,'02-561-8207','파리바게뜨 카페선릉점','FLAG','서울 강남구 선릉로 517',127.04814366089732,37.50571947285297,0),(12989994,'서울 서초구 반포동 19-4','기타',1,'1688-4700','서울고속버스터미널(경부)','FLAG','서울 서초구 신반포로 194',127.006989504898,37.5060750627914,0),(13092437,'서울 강남구 역삼동 719-9','음식점',2,'02-566-8116','양자강','HOT_PLACE','서울 강남구 테헤란로34길 7',127.040346457054,37.5011236610493,5),(13322805,'서울 강남구 역삼동 737','카페',1,'02-553-7523','클로리스 역삼GFC점','FLAG','서울 강남구 테헤란로 152',127.036564176373,37.5000833293743,0),(14527967,'서울 강남구 역삼동 718-13','기타',1,'02-552-9711','호텔아드리게','FLAG','서울 강남구 테헤란로28길 3-6',127.03915772880157,37.500858264318474,0),(14970864,'서울 강남구 역삼동 736-1','기타',1,'','아크플레이스','FLAG','서울 강남구 테헤란로 142',127.034985329467,37.499838733849,0),(16034535,'서울 강남구 역삼동 727-2','기타',502,'','대명벨리온','HOT_PLACE','서울 강남구 역삼로25길 27',127.03910871045143,37.49794352562076,1),(20089944,'서울 강남구 역삼동 678-10','카페',1,'02-555-2348','투썸플레이스 역삼역점','FLAG','서울 강남구 테헤란로27길 16',127.0380219498173,37.50240566234112,0),(20494146,'서울 강남구 역삼동 678-41','카페',1,'','스타벅스 역삼대로점','FLAG','서울 강남구 테헤란로 211',127.039347134781,37.5018952591279,0),(21160619,'서울 강남구 역삼동 804','기타',2,'02-6110-2211','역삼역 2호선','FLAG','서울 강남구 테헤란로 지하 156',127.03646946847,37.5006744185994,0),(21160762,'서울 용산구 이태원동 119-23','기타',1,'02-6311-6301','이태원역 6호선','FLAG','서울 용산구 이태원로 지하 177',126.994333861918,37.5345252050511,0),(21160804,'서울 강남구 삼성동 172-66','기타',0,'02-6110-2201','선릉역 2호선','FLAG','서울 강남구 테헤란로 지하 340',127.04896282498558,37.504497373023206,0),(21414107,'서울 강남구 역삼동 718-5','기타',13,'1544-9001','멀티캠퍼스 역삼','HOT_PLACE','서울 강남구 테헤란로 212',127.039604663862,37.5012860931305,3),(22539359,'서울 강남구 역삼동 741-12','기타',1,'02-538-4477','참진한의원 강남본점','FLAG','서울 강남구 논현로85길 43',127.03467462345775,37.49801969384516,0),(25539194,'서울 강남구 역삼동 675-3','기타',3,'02-2054-9000','신라스테이 역삼','FLAG','서울 강남구 언주로 517',127.041307593687,37.5049760288127,0),(26102947,'제주특별자치도 제주시 용담삼동 2572-4','카페',0,'1522-3232','스타벅스 제주용담DT점','FLAG','제주특별자치도 제주시 서해안로 380',126.484480056159,33.5124867330564,0),(26557327,'서울 강남구 역삼동 718-12','기타',1,'02-3454-0666','호텔린','FLAG','서울 강남구 언주로87길 50',127.03913842011,37.5006987926638,0),(26857613,'경기 남양주시 별내동 946-7','관광명소',1,'','별내동 카페거리','FLAG','',127.127000828952,37.6580117266865,0),(27171202,'서울 서초구 서초동 1308-26','기타',1,'','강남역리가스퀘어오피스텔','FLAG','서울 서초구 서초대로73길 42',127.02436778622841,37.501125334709435,0),(27238303,'서울 강남구 역삼동 708-16','카페',1,'02-501-0025','투썸플레이스 테헤란선릉역점','FLAG','서울 강남구 선릉로89길 16',127.04766373064494,37.50332119122835,0),(27560699,'서울 송파구 잠실동 40-1','문화시설',5,'1661-2000','롯데월드','FLAG','서울 송파구 올림픽로 240',127.09811980036908,37.51113059993883,0),(65991864,'대구 북구 산격동 1433-37','음식점',0,'053-952-7336','안','FLAG','대구 북구 대구체육관로 52-2',128.604856152023,35.8924190050385,0),(203039001,'경기 화성시 안녕동 15-11','기타',1,'031-225-5145','안녕그린주유소','FLAG','경기 화성시 효행로 852',127.02261981711752,37.20536036542334,0),(261862227,'서울 강남구 역삼동 736-1','음식점',1,'02-2051-8877','모터시티바이매니멀 역삼점','FLAG','서울 강남구 테헤란로 142',127.034953620768,37.4997450385995,0),(495658881,'서울 강남구 역삼동 648-9','카페',1,'1533-6906','블루보틀 역삼 카페','FLAG','서울 강남구 테헤란로 129',127.03237757132041,37.50003049065215,0),(515645751,'서울 영등포구 영등포동2가 299','음식점',100001,'010-5541-0000','뜰아래','HOT_PLACE','서울 영등포구 영등포로49길 9-14',126.90911023990485,37.52022570710423,2),(606997515,'서울 강남구 역삼동 858','기타',1,'','신논현역 신분당선','FLAG','서울 강남구 강남대로 302-2',127.024926154562,37.5036164990854,0),(616571926,'서울 성동구 옥수동 262-1','카페',1,'','스타벅스 옥수점','FLAG','서울 성동구 독서당로 202',127.013352235341,37.5429975919575,0),(836611712,'경기 용인시 수지구 죽전동 1491','기타',1,'1899-3700','단국대학교 죽전캠퍼스','FLAG','경기 용인시 수지구 죽전로 152',127.12659216013822,37.321920308014924,0),(1174470222,'서울 강남구 역삼동 725-68','기타',1,'','제이하우스','HOT_PLACE','서울 강남구 역삼로25길 34',127.039312528285,37.4984435164932,5),(1234435101,'경기 수원시 영통구 이의동 1306-20','음식점',1,'031-212-9468','오늘의초밥','FLAG','경기 수원시 영통구 센트럴파크로127번길 18',127.0552318525986,37.29533512566833,0),(1243802491,'충남 논산시 취암동 864','음식점',1,'','서울댁','FLAG','충남 논산시 부창로100번길 9-10',127.088856976925,36.195036330194,0),(1372855768,'서울 강남구 역삼동 718-2','카페',1,'070-8998-8941','바나프레소 테헤란로점','FLAG','서울 강남구 테헤란로 208',127.03916466061305,37.50113847486111,0),(1411567340,'서울 강남구 역삼동 734-7','카페',1,'02-567-2257','메가MGC커피 역삼중앙점','FLAG','서울 강남구 논현로76길 10',127.039783271842,37.4968783107391,0),(1533704204,'제주특별자치도 제주시 아라일동 6064-8','음식점',1,'064-751-6645','쿠쿠아림','FLAG','제주특별자치도 제주시 아란4길 93',126.541871816499,33.46937443191051,0),(1563466700,'서울 강남구 역삼동 723','음식점',1,'02-567-0414','아우어베이커리 역삼점','FLAG','서울 강남구 언주로85길 29',127.040852804125,37.5005693683762,0),(1742463036,'서울 강남구 역삼동 678-23','카페',1,'070-8881-9336','매머드커피 역삼역점','HOT_PLACE','서울 강남구 테헤란로27길 8',127.038243385516,37.5019604940259,5),(1795972704,'서울 성동구 옥수동 528-6','기타',1,'02-2204-6485','매봉산 숲속도서관','FLAG','서울 성동구 매봉길 49-29',127.010806677868,37.5459044761691,0),(1926629690,'서울 강남구 역삼동 670','기타',1,'02-6082-0552','MNH엔터테인먼트','FLAG','서울 강남구 논현로98길 18',127.037294343816,37.5038420972148,0),(1928496982,'경기 화성시 오산동 1020','카페',0,'031-373-7789','투썸플레이스 동탄역앨리스빌점','FLAG','경기 화성시 동탄대로 469-12',127.09802658229621,37.19655473622302,0),(1977332252,'서울 강남구 역삼동 671-19','음식점',1,'02-555-1460','유미식당 본점','FLAG','서울 강남구 논현로94길 27',127.03848140333335,37.50298035517736,0),(2103253212,'서울 강남구 역삼동 642-1','음식점',1,'02-556-5520','갓포돈','FLAG','서울 강남구 테헤란로25길 20',127.035660199005,37.5016405439916,0),(2131363102,'경기 남양주시 와부읍 도곡리 504-15','카페',0,'1522-3232','스타벅스 리버사이드팔당DT점','FLAG','경기 남양주시 와부읍 경강로 772',127.22839664513332,37.56710976353759,0);
/*!40000 ALTER TABLE `hot_places` ENABLE KEYS */;
UNLOCK TABLES;

--
-- Table structure for table `likes`
--

DROP TABLE IF EXISTS `likes`;
/*!40101 SET @saved_cs_client     = @@character_set_client */;
/*!50503 SET character_set_client = utf8mb4 */;
CREATE TABLE `likes` (
  `id` bigint NOT NULL AUTO_INCREMENT,
  `member_id` bigint NOT NULL,
  `hot_place_id` bigint DEFAULT NULL,
  PRIMARY KEY (`id`),
  KEY `FK4otbmf45ckprhbctx8xutmxr6` (`hot_place_id`),
  CONSTRAINT `FK4otbmf45ckprhbctx8xutmxr6` FOREIGN KEY (`hot_place_id`) REFERENCES `hot_places` (`id`)
) ENGINE=InnoDB AUTO_INCREMENT=127 DEFAULT CHARSET=utf8mb4 COLLATE=utf8mb4_0900_ai_ci;
/*!40101 SET character_set_client = @saved_cs_client */;

--
-- Dumping data for table `likes`
--

LOCK TABLES `likes` WRITE;
/*!40000 ALTER TABLE `likes` DISABLE KEYS */;
INSERT INTO `likes` VALUES (4,1,27560699),(6,5,27560699),(7,5,21414107),(8,5,12026995),(9,6,12026995),(14,6,13092437),(26,6,7967869),(27,6,27171202),(28,6,10657560),(29,6,25539194),(30,6,1234435101),(31,6,21160762),(32,6,22539359),(33,6,12341699),(35,6,9304489),(36,6,1243802491),(37,6,11635431),(38,6,8239831),(39,6,10811159),(40,6,27560699),(42,6,606997515),(43,6,10751028),(45,6,8430129),(46,5,8430129),(49,6,1533704204),(52,6,1926629690),(54,9,27238303),(55,9,25539194),(57,3,21414107),(61,9,7913306),(62,9,8202423),(63,3,12026995),(64,3,7967869),(65,3,7913306),(66,6,203039001),(69,3,16034535),(71,3,26857613),(72,9,16034535),(74,6,14970864),(76,6,21414107),(80,3,11635431),(81,3,8046653),(82,3,1742463036),(83,9,515645751),(84,6,12989994),(85,6,11276521),(86,6,9917041),(87,3,21160619),(88,3,261862227),(89,3,2103253212),(90,3,27560699),(91,3,836611712),(92,4,616571926),(93,6,21160619),(94,6,16034535),(96,4,16034535),(98,4,25539194),(99,7,21414107),(101,7,27560699),(103,4,21414107),(104,4,10347208),(105,4,1795972704),(106,14,21414107),(107,4,20494146),(108,14,13092437),(110,14,8196057),(113,15,21414107),(114,14,16034535),(115,9,26557327),(116,9,14527967),(117,9,21414107),(119,14,1977332252),(120,4,1372855768),(121,4,20089944),(122,3,495658881),(123,3,13322805),(124,3,1563466700),(125,3,1411567340);
/*!40000 ALTER TABLE `likes` ENABLE KEYS */;
UNLOCK TABLES;

--
-- Table structure for table `visitors`
--

DROP TABLE IF EXISTS `visitors`;
/*!40101 SET @saved_cs_client     = @@character_set_client */;
/*!50503 SET character_set_client = utf8mb4 */;
CREATE TABLE `visitors` (
  `id` bigint NOT NULL AUTO_INCREMENT,
  `member_id` bigint NOT NULL,
  `visited_date` date NOT NULL,
  `hot_place_id` bigint DEFAULT NULL,
  PRIMARY KEY (`id`),
  KEY `FKed8dffi9km5ajrx6hau91ene2` (`hot_place_id`),
  CONSTRAINT `FKed8dffi9km5ajrx6hau91ene2` FOREIGN KEY (`hot_place_id`) REFERENCES `hot_places` (`id`)
) ENGINE=InnoDB AUTO_INCREMENT=932 DEFAULT CHARSET=utf8mb4 COLLATE=utf8mb4_0900_ai_ci;
/*!40101 SET character_set_client = @saved_cs_client */;

--
-- Dumping data for table `visitors`
--

LOCK TABLES `visitors` WRITE;
/*!40000 ALTER TABLE `visitors` DISABLE KEYS */;
INSERT INTO `visitors` VALUES (1,356931964684,'2023-10-31',21414107),(2,1,'2023-10-02',27560699),(3,3,'2023-11-03',515645751),(4,3,'2023-11-03',21414107),(5,3,'2023-11-03',21414107),(6,3,'2023-11-06',21414107),(7,1,'2023-10-03',27560699),(8,3,'2023-11-06',515645751),(9,1,'2023-11-02',21414107),(10,1,'2023-11-01',21414107),(11,1,'2023-11-03',21414107),(12,1,'2023-11-04',21414107),(15,1,'2023-11-09',27560699),(16,3,'2023-11-09',515645751),(17,1,'2023-10-02',21414107),(18,3,'2023-11-10',21414107),(19,3,'2023-11-10',21414107),(20,3,'2023-11-10',21414107),(21,3,'2023-11-10',21414107),(22,3,'2023-11-10',21414107),(23,3,'2023-11-10',21414107),(24,3,'2023-11-10',21414107),(25,3,'2023-11-10',21414107),(26,3,'2023-11-10',21414107),(27,3,'2023-11-10',21414107),(28,3,'2023-11-10',21414107),(29,3,'2023-11-10',21414107),(30,3,'2023-11-10',21414107),(31,3,'2023-11-10',21414107),(32,3,'2023-11-10',21414107),(33,3,'2023-11-10',21414107),(34,3,'2023-11-10',21414107),(35,3,'2023-11-10',21414107),(36,3,'2023-11-10',21414107),(37,3,'2023-11-10',21414107),(38,3,'2023-11-10',21414107),(39,3,'2023-11-10',21414107),(40,3,'2023-11-10',21414107),(41,3,'2023-11-10',21414107),(42,3,'2023-11-10',21414107),(43,3,'2023-11-10',21414107),(44,3,'2023-11-10',21414107),(45,3,'2023-11-10',21414107),(46,3,'2023-11-10',21414107),(47,3,'2023-11-10',21414107),(48,3,'2023-11-10',21414107),(49,3,'2023-11-10',21414107),(50,3,'2023-11-10',21414107),(51,3,'2023-11-10',21414107),(52,3,'2023-11-10',21414107),(53,3,'2023-11-10',21414107),(54,3,'2023-11-10',21414107),(55,3,'2023-11-10',21414107),(56,3,'2023-11-10',21414107),(57,3,'2023-11-10',21414107),(58,3,'2023-11-10',21414107),(59,3,'2023-11-10',21414107),(60,3,'2023-11-10',21414107),(61,3,'2023-11-10',21414107),(62,3,'2023-11-10',21414107),(63,3,'2023-11-10',21414107),(64,3,'2023-11-10',21414107),(65,3,'2023-11-10',21414107),(66,3,'2023-11-10',21414107),(67,3,'2023-11-10',21414107),(68,3,'2023-11-10',21414107),(69,3,'2023-11-10',21414107),(70,3,'2023-11-10',21414107),(71,3,'2023-11-10',21414107),(72,3,'2023-11-10',21414107),(73,3,'2023-11-10',21414107),(74,3,'2023-11-10',21414107),(75,3,'2023-11-10',21414107),(76,3,'2023-11-10',21414107),(77,3,'2023-11-10',21414107),(78,3,'2023-11-10',21414107),(79,3,'2023-11-10',21414107),(80,3,'2023-11-10',21414107),(81,1,'2023-11-10',27560699),(82,1,'2023-12-03',21414107),(83,1,'2023-11-10',21414107),(84,1,'2023-10-10',21414107),(85,3,'2023-11-10',21414107),(86,1,'2023-11-10',27560699),(87,1,'2023-11-10',27560699),(88,1,'2023-11-10',8202423),(89,1,'2023-11-10',8202423),(90,1,'2023-11-10',8202423),(91,3,'2023-11-10',21414107),(92,3,'2023-11-10',21414107),(93,3,'2023-11-10',21414107),(94,3,'2023-11-10',21414107),(95,3,'2023-11-10',21414107),(96,3,'2023-11-10',21414107),(97,3,'2023-11-10',21414107),(98,3,'2023-11-10',21414107),(99,3,'2023-11-10',21414107),(100,3,'2023-11-10',16034535),(101,3,'2023-11-10',16034535),(102,3,'2023-11-10',16034535),(103,3,'2023-11-10',16034535),(104,3,'2023-11-10',16034535),(105,3,'2023-11-10',16034535),(106,3,'2023-11-10',16034535),(107,3,'2023-11-10',16034535),(108,3,'2023-11-10',16034535),(109,3,'2023-11-10',16034535),(110,3,'2023-11-10',16034535),(111,3,'2023-11-10',16034535),(112,3,'2023-11-10',16034535),(113,3,'2023-11-10',16034535),(114,3,'2023-11-10',16034535),(115,3,'2023-11-10',16034535),(116,3,'2023-11-10',16034535),(117,3,'2023-11-10',16034535),(118,3,'2023-11-10',16034535),(119,3,'2023-11-10',16034535),(120,3,'2023-11-10',16034535),(121,3,'2023-11-10',16034535),(122,3,'2023-11-10',16034535),(123,3,'2023-11-10',16034535),(124,3,'2023-11-10',16034535),(125,3,'2023-11-10',16034535),(126,3,'2023-11-10',16034535),(127,3,'2023-11-10',16034535),(128,3,'2023-11-10',16034535),(129,3,'2023-11-10',16034535),(130,3,'2023-11-10',16034535),(131,3,'2023-11-10',16034535),(132,3,'2023-11-10',16034535),(133,3,'2023-11-10',16034535),(134,3,'2023-11-10',16034535),(135,3,'2023-11-10',16034535),(136,3,'2023-11-10',16034535),(137,3,'2023-11-10',16034535),(138,3,'2023-11-10',16034535),(139,3,'2023-11-10',16034535),(140,3,'2023-11-10',16034535),(141,3,'2023-11-10',16034535),(142,3,'2023-11-10',16034535),(143,3,'2023-11-10',16034535),(144,3,'2023-11-10',16034535),(145,3,'2023-11-10',16034535),(146,3,'2023-11-10',16034535),(147,3,'2023-11-10',16034535),(148,3,'2023-11-10',16034535),(149,3,'2023-11-10',16034535),(150,3,'2023-11-10',16034535),(151,3,'2023-11-10',16034535),(152,3,'2023-11-10',16034535),(153,3,'2023-11-10',16034535),(154,3,'2023-11-10',16034535),(155,3,'2023-11-10',16034535),(156,3,'2023-11-10',16034535),(157,3,'2023-11-10',16034535),(158,3,'2023-11-10',16034535),(159,3,'2023-11-10',16034535),(160,3,'2023-11-10',16034535),(161,3,'2023-11-10',16034535),(162,3,'2023-11-10',16034535),(163,3,'2023-11-10',16034535),(164,3,'2023-11-10',16034535),(165,3,'2023-11-10',16034535),(166,3,'2023-11-10',16034535),(167,3,'2023-11-10',16034535),(168,3,'2023-11-10',16034535),(169,3,'2023-11-10',16034535),(170,3,'2023-11-10',16034535),(171,3,'2023-11-10',16034535),(172,3,'2023-11-10',16034535),(173,3,'2023-11-10',16034535),(174,3,'2023-11-10',16034535),(175,3,'2023-11-10',16034535),(176,3,'2023-11-10',16034535),(177,3,'2023-11-10',16034535),(178,3,'2023-11-10',16034535),(179,3,'2023-11-10',16034535),(180,3,'2023-11-10',16034535),(181,3,'2023-11-10',16034535),(182,3,'2023-11-10',16034535),(183,3,'2023-11-10',16034535),(184,3,'2023-11-10',16034535),(185,3,'2023-11-10',16034535),(186,3,'2023-11-10',16034535),(187,3,'2023-11-10',16034535),(188,3,'2023-11-10',16034535),(189,3,'2023-11-10',16034535),(190,3,'2023-11-10',16034535),(191,3,'2023-11-10',16034535),(192,3,'2023-11-10',16034535),(193,3,'2023-11-10',16034535),(194,3,'2023-11-10',16034535),(195,3,'2023-11-10',16034535),(196,3,'2023-11-10',16034535),(197,3,'2023-11-10',16034535),(198,3,'2023-11-10',16034535),(199,3,'2023-11-10',16034535),(200,3,'2023-11-10',16034535),(201,3,'2023-11-10',16034535),(202,3,'2023-11-10',16034535),(203,3,'2023-11-10',16034535),(204,3,'2023-11-10',16034535),(205,3,'2023-11-10',16034535),(206,3,'2023-11-10',16034535),(207,3,'2023-11-10',16034535),(208,3,'2023-11-10',16034535),(209,3,'2023-11-10',16034535),(210,3,'2023-11-10',16034535),(211,3,'2023-11-10',16034535),(212,3,'2023-11-10',16034535),(213,3,'2023-11-10',16034535),(214,3,'2023-11-10',16034535),(215,3,'2023-11-10',16034535),(216,3,'2023-11-10',16034535),(217,3,'2023-11-10',16034535),(218,3,'2023-11-10',16034535),(219,3,'2023-11-10',16034535),(220,3,'2023-11-10',16034535),(221,3,'2023-11-10',16034535),(222,3,'2023-11-10',16034535),(223,3,'2023-11-10',16034535),(224,3,'2023-11-10',16034535),(225,3,'2023-11-10',16034535),(226,3,'2023-11-10',16034535),(227,3,'2023-11-10',16034535),(228,3,'2023-11-10',16034535),(229,3,'2023-11-10',16034535),(230,3,'2023-11-10',16034535),(231,3,'2023-11-10',16034535),(232,3,'2023-11-10',16034535),(233,3,'2023-11-10',16034535),(234,3,'2023-11-10',16034535),(235,3,'2023-11-10',16034535),(236,3,'2023-11-10',16034535),(237,3,'2023-11-10',16034535),(238,3,'2023-11-10',16034535),(239,3,'2023-11-10',16034535),(240,3,'2023-11-10',16034535),(241,3,'2023-11-10',16034535),(242,3,'2023-11-10',16034535),(243,3,'2023-11-10',16034535),(244,3,'2023-11-10',16034535),(245,3,'2023-11-10',16034535),(246,3,'2023-11-10',16034535),(247,3,'2023-11-10',16034535),(248,3,'2023-11-10',16034535),(249,3,'2023-11-10',16034535),(250,3,'2023-11-10',16034535),(251,3,'2023-11-10',16034535),(252,3,'2023-11-10',16034535),(253,3,'2023-11-10',16034535),(254,3,'2023-11-10',16034535),(255,3,'2023-11-10',16034535),(256,3,'2023-11-10',16034535),(257,3,'2023-11-10',16034535),(258,3,'2023-11-10',16034535),(259,3,'2023-11-10',16034535),(260,3,'2023-11-10',16034535),(261,3,'2023-11-10',16034535),(262,3,'2023-11-10',16034535),(263,3,'2023-11-10',16034535),(264,3,'2023-11-10',16034535),(265,3,'2023-11-10',16034535),(266,3,'2023-11-10',16034535),(267,3,'2023-11-10',16034535),(268,3,'2023-11-10',16034535),(269,3,'2023-11-10',16034535),(270,3,'2023-11-10',16034535),(271,3,'2023-11-10',16034535),(272,3,'2023-11-10',16034535),(273,3,'2023-11-10',16034535),(274,3,'2023-11-10',16034535),(275,3,'2023-11-10',16034535),(276,3,'2023-11-10',16034535),(277,3,'2023-11-10',16034535),(278,3,'2023-11-10',16034535),(279,3,'2023-11-10',16034535),(280,3,'2023-11-10',16034535),(281,3,'2023-11-10',16034535),(282,3,'2023-11-10',16034535),(283,3,'2023-11-10',16034535),(284,3,'2023-11-10',16034535),(285,3,'2023-11-10',16034535),(286,3,'2023-11-10',16034535),(287,3,'2023-11-10',16034535),(288,3,'2023-11-10',16034535),(289,3,'2023-11-10',16034535),(290,3,'2023-11-10',16034535),(291,3,'2023-11-10',16034535),(292,3,'2023-11-10',16034535),(293,3,'2023-11-10',16034535),(294,3,'2023-11-10',16034535),(295,3,'2023-11-10',16034535),(296,3,'2023-11-10',16034535),(297,3,'2023-11-10',16034535),(298,3,'2023-11-10',16034535),(299,3,'2023-11-10',16034535),(300,3,'2023-11-10',16034535),(301,3,'2023-11-10',16034535),(302,3,'2023-11-10',16034535),(303,3,'2023-11-10',16034535),(304,3,'2023-11-10',16034535),(305,3,'2023-11-10',16034535),(306,3,'2023-11-10',16034535),(307,3,'2023-11-10',16034535),(308,3,'2023-11-10',16034535),(309,3,'2023-11-10',16034535),(310,3,'2023-11-10',16034535),(311,3,'2023-11-10',16034535),(312,3,'2023-11-10',16034535),(313,3,'2023-11-10',16034535),(314,3,'2023-11-10',16034535),(315,3,'2023-11-10',16034535),(316,3,'2023-11-10',16034535),(317,3,'2023-11-10',16034535),(318,3,'2023-11-10',16034535),(319,3,'2023-11-10',16034535),(320,3,'2023-11-10',16034535),(321,3,'2023-11-10',16034535),(322,3,'2023-11-10',16034535),(323,3,'2023-11-10',16034535),(324,3,'2023-11-10',16034535),(325,3,'2023-11-10',16034535),(326,3,'2023-11-10',16034535),(327,3,'2023-11-10',16034535),(328,3,'2023-11-10',16034535),(329,3,'2023-11-10',16034535),(330,3,'2023-11-10',16034535),(331,3,'2023-11-10',16034535),(332,3,'2023-11-10',16034535),(333,3,'2023-11-10',16034535),(334,3,'2023-11-10',16034535),(335,3,'2023-11-10',16034535),(336,3,'2023-11-10',16034535),(337,3,'2023-11-10',16034535),(338,3,'2023-11-10',16034535),(339,3,'2023-11-10',16034535),(340,3,'2023-11-10',16034535),(341,3,'2023-11-10',16034535),(342,3,'2023-11-10',16034535),(343,3,'2023-11-10',16034535),(344,3,'2023-11-10',16034535),(345,3,'2023-11-10',16034535),(346,3,'2023-11-10',16034535),(347,3,'2023-11-10',16034535),(348,3,'2023-11-10',16034535),(349,3,'2023-11-10',16034535),(350,3,'2023-11-10',16034535),(351,3,'2023-11-10',16034535),(352,3,'2023-11-10',16034535),(353,3,'2023-11-10',16034535),(354,3,'2023-11-10',16034535),(355,3,'2023-11-10',16034535),(356,3,'2023-11-10',16034535),(357,3,'2023-11-10',16034535),(358,3,'2023-11-10',16034535),(359,3,'2023-11-10',16034535),(360,3,'2023-11-10',16034535),(361,3,'2023-11-10',16034535),(362,3,'2023-11-10',16034535),(363,3,'2023-11-10',16034535),(364,3,'2023-11-10',16034535),(365,3,'2023-11-10',16034535),(366,3,'2023-11-10',16034535),(367,3,'2023-11-10',16034535),(368,3,'2023-11-10',16034535),(369,3,'2023-11-10',16034535),(370,3,'2023-11-10',16034535),(371,3,'2023-11-10',16034535),(372,3,'2023-11-10',16034535),(373,3,'2023-11-10',16034535),(374,3,'2023-11-10',16034535),(375,3,'2023-11-10',16034535),(376,3,'2023-11-10',16034535),(377,3,'2023-11-10',16034535),(378,3,'2023-11-10',16034535),(379,3,'2023-11-10',16034535),(380,3,'2023-11-10',16034535),(381,3,'2023-11-10',16034535),(382,3,'2023-11-10',16034535),(383,3,'2023-11-10',16034535),(384,3,'2023-11-10',16034535),(385,3,'2023-11-10',16034535),(386,3,'2023-11-10',16034535),(387,3,'2023-11-10',16034535),(388,3,'2023-11-10',16034535),(389,3,'2023-11-10',16034535),(390,3,'2023-11-10',16034535),(391,3,'2023-11-10',16034535),(392,3,'2023-11-10',16034535),(393,3,'2023-11-10',16034535),(394,3,'2023-11-10',16034535),(395,3,'2023-11-10',16034535),(396,3,'2023-11-10',16034535),(397,3,'2023-11-10',16034535),(398,3,'2023-11-10',16034535),(399,3,'2023-11-10',16034535),(400,3,'2023-11-10',16034535),(401,3,'2023-11-10',16034535),(402,3,'2023-11-10',16034535),(403,3,'2023-11-10',16034535),(404,3,'2023-11-10',16034535),(405,3,'2023-11-10',16034535),(406,3,'2023-11-10',16034535),(407,3,'2023-11-10',16034535),(408,3,'2023-11-10',16034535),(409,3,'2023-11-10',16034535),(410,3,'2023-11-10',16034535),(411,3,'2023-11-10',16034535),(412,3,'2023-11-10',16034535),(413,3,'2023-11-10',16034535),(414,3,'2023-11-10',16034535),(415,3,'2023-11-10',16034535),(416,3,'2023-11-10',16034535),(417,3,'2023-11-10',16034535),(418,3,'2023-11-10',16034535),(419,3,'2023-11-10',16034535),(420,3,'2023-11-10',16034535),(421,3,'2023-11-10',16034535),(422,3,'2023-11-10',16034535),(423,3,'2023-11-10',16034535),(424,3,'2023-11-10',16034535),(425,3,'2023-11-10',16034535),(426,3,'2023-11-10',16034535),(427,3,'2023-11-10',16034535),(428,3,'2023-11-10',16034535),(429,3,'2023-11-10',16034535),(430,3,'2023-11-10',16034535),(431,3,'2023-11-10',16034535),(432,3,'2023-11-10',16034535),(433,3,'2023-11-10',16034535),(434,3,'2023-11-10',16034535),(435,3,'2023-11-10',16034535),(436,3,'2023-11-10',16034535),(437,3,'2023-11-10',16034535),(438,3,'2023-11-10',16034535),(439,3,'2023-11-10',16034535),(440,3,'2023-11-10',16034535),(441,3,'2023-11-10',16034535),(442,3,'2023-11-10',16034535),(443,3,'2023-11-10',16034535),(444,3,'2023-11-10',16034535),(445,3,'2023-11-10',16034535),(446,3,'2023-11-10',16034535),(447,3,'2023-11-10',16034535),(448,3,'2023-11-10',16034535),(449,3,'2023-11-10',16034535),(450,3,'2023-11-10',16034535),(451,3,'2023-11-10',16034535),(452,3,'2023-11-10',16034535),(453,3,'2023-11-10',16034535),(454,3,'2023-11-10',16034535),(455,3,'2023-11-10',16034535),(456,3,'2023-11-10',16034535),(457,3,'2023-11-10',16034535),(458,3,'2023-11-10',16034535),(459,3,'2023-11-10',16034535),(460,3,'2023-11-10',16034535),(461,3,'2023-11-10',16034535),(462,3,'2023-11-10',16034535),(463,3,'2023-11-10',16034535),(464,3,'2023-11-10',16034535),(465,3,'2023-11-10',16034535),(466,3,'2023-11-10',16034535),(467,3,'2023-11-10',16034535),(468,3,'2023-11-10',16034535),(469,3,'2023-11-10',16034535),(470,3,'2023-11-10',16034535),(471,3,'2023-11-10',16034535),(472,3,'2023-11-10',16034535),(473,3,'2023-11-10',16034535),(474,3,'2023-11-10',16034535),(475,3,'2023-11-10',16034535),(476,3,'2023-11-10',16034535),(477,3,'2023-11-10',16034535),(478,3,'2023-11-10',16034535),(479,3,'2023-11-10',16034535),(480,3,'2023-11-10',16034535),(481,3,'2023-11-10',16034535),(482,3,'2023-11-10',16034535),(483,3,'2023-11-10',16034535),(484,3,'2023-11-10',16034535),(485,3,'2023-11-10',16034535),(486,3,'2023-11-10',16034535),(487,3,'2023-11-10',16034535),(488,3,'2023-11-10',16034535),(489,3,'2023-11-10',16034535),(490,3,'2023-11-10',16034535),(491,3,'2023-11-10',16034535),(492,3,'2023-11-10',16034535),(493,3,'2023-11-10',16034535),(494,3,'2023-11-10',16034535),(495,3,'2023-11-10',16034535),(496,3,'2023-11-10',16034535),(497,3,'2023-11-10',16034535),(498,3,'2023-11-10',16034535),(499,3,'2023-11-10',16034535),(500,3,'2023-11-10',16034535),(501,3,'2023-11-10',16034535),(502,3,'2023-11-10',16034535),(503,3,'2023-11-10',16034535),(504,3,'2023-11-10',16034535),(505,3,'2023-11-10',16034535),(506,3,'2023-11-10',16034535),(507,3,'2023-11-10',16034535),(508,3,'2023-11-10',16034535),(509,3,'2023-11-10',16034535),(510,3,'2023-11-10',16034535),(511,3,'2023-11-10',16034535),(512,3,'2023-11-10',16034535),(513,3,'2023-11-10',16034535),(514,3,'2023-11-10',16034535),(515,3,'2023-11-10',16034535),(516,3,'2023-11-10',16034535),(517,3,'2023-11-10',16034535),(518,3,'2023-11-10',16034535),(519,3,'2023-11-10',16034535),(520,3,'2023-11-10',16034535),(521,3,'2023-11-10',16034535),(522,3,'2023-11-10',16034535),(523,3,'2023-11-10',16034535),(524,3,'2023-11-10',16034535),(525,3,'2023-11-10',16034535),(526,3,'2023-11-10',16034535),(527,3,'2023-11-10',16034535),(528,3,'2023-11-10',16034535),(529,3,'2023-11-10',16034535),(530,3,'2023-11-10',16034535),(531,3,'2023-11-10',16034535),(532,3,'2023-11-10',16034535),(533,3,'2023-11-10',16034535),(534,3,'2023-11-10',16034535),(535,3,'2023-11-10',16034535),(536,3,'2023-11-10',16034535),(537,3,'2023-11-10',16034535),(538,3,'2023-11-10',16034535),(539,3,'2023-11-10',16034535),(540,3,'2023-11-10',16034535),(541,3,'2023-11-10',16034535),(542,3,'2023-11-10',16034535),(543,3,'2023-11-10',16034535),(544,3,'2023-11-10',16034535),(545,3,'2023-11-10',16034535),(546,3,'2023-11-10',16034535),(547,3,'2023-11-10',16034535),(548,3,'2023-11-10',16034535),(549,3,'2023-11-10',16034535),(550,3,'2023-11-10',16034535),(551,3,'2023-11-10',16034535),(552,3,'2023-11-10',16034535),(553,3,'2023-11-10',16034535),(554,3,'2023-11-10',16034535),(555,3,'2023-11-10',16034535),(556,3,'2023-11-10',16034535),(557,3,'2023-11-10',16034535),(558,3,'2023-11-10',16034535),(559,3,'2023-11-10',16034535),(560,3,'2023-11-10',16034535),(561,3,'2023-11-10',16034535),(562,3,'2023-11-10',16034535),(563,3,'2023-11-10',16034535),(564,3,'2023-11-10',16034535),(565,3,'2023-11-10',16034535),(566,3,'2023-11-10',16034535),(567,3,'2023-11-10',16034535),(568,3,'2023-11-10',16034535),(569,3,'2023-11-10',16034535),(570,3,'2023-11-10',16034535),(571,3,'2023-11-10',16034535),(572,3,'2023-11-10',16034535),(573,3,'2023-11-10',16034535),(574,3,'2023-11-10',16034535),(575,3,'2023-11-10',16034535),(576,3,'2023-11-10',16034535),(577,3,'2023-11-10',16034535),(578,3,'2023-11-10',16034535),(579,3,'2023-11-10',16034535),(580,3,'2023-11-10',16034535),(581,3,'2023-11-10',16034535),(582,3,'2023-11-10',16034535),(583,3,'2023-11-10',16034535),(584,3,'2023-11-10',16034535),(585,3,'2023-11-10',16034535),(586,3,'2023-11-10',16034535),(587,3,'2023-11-10',16034535),(588,3,'2023-11-10',16034535),(589,3,'2023-11-10',16034535),(590,3,'2023-11-10',16034535),(591,3,'2023-11-10',16034535),(592,3,'2023-11-10',16034535),(593,3,'2023-11-10',16034535),(594,3,'2023-11-10',16034535),(595,3,'2023-11-10',16034535),(596,3,'2023-11-10',16034535),(597,3,'2023-11-10',16034535),(598,3,'2023-11-10',16034535),(599,3,'2023-11-10',16034535),(600,3,'2023-11-10',16034535),(601,3,'2023-11-10',16034535),(602,3,'2023-11-10',16034535),(603,3,'2023-11-10',16034535),(604,3,'2023-11-10',16034535),(605,3,'2023-11-10',16034535),(606,3,'2023-11-10',16034535),(607,3,'2023-11-10',16034535),(608,3,'2023-11-10',16034535),(609,3,'2023-11-10',16034535),(610,3,'2023-11-10',16034535),(611,3,'2023-11-10',16034535),(612,3,'2023-11-10',16034535),(613,3,'2023-11-10',16034535),(614,3,'2023-11-10',16034535),(615,3,'2023-11-10',16034535),(616,3,'2023-11-10',16034535),(617,3,'2023-11-10',16034535),(618,3,'2023-11-10',16034535),(619,3,'2023-11-10',16034535),(620,3,'2023-11-10',16034535),(626,9,'2023-11-10',13092437),(627,1,'2023-11-10',8202423),(628,9,'2023-11-09',515645751),(630,9,'2023-11-14',21160619),(631,9,'2023-11-14',1742463036),(632,3,'2023-11-14',22539359),(633,9,'2023-11-15',16034535),(634,3,'2023-11-15',261862227),(635,3,'2023-11-15',2103253212),(636,3,'2023-11-15',16034535),(637,3,'2023-11-15',21414107),(638,3,'2023-11-15',13092437),(639,9,'2023-11-15',13092437),(640,9,'2023-11-15',21414107),(641,6,'2023-11-15',16034535),(642,6,'2023-11-15',21414107),(643,6,'2023-11-15',21160619),(644,4,'2023-11-15',25539194),(645,14,'2023-11-15',21414107),(646,4,'2023-11-15',21414107),(647,4,'2023-11-15',16034535),(648,7,'2023-11-15',21414107),(649,9,'2023-11-15',7913306),(650,9,'2023-11-15',12026995),(651,4,'2023-11-15',13092437),(652,9,'2023-11-15',1742463036),(653,9,'2023-11-15',1174470222),(654,3,'2023-11-15',1174470222),(655,9,'2023-11-15',21160619),(656,4,'2023-11-15',1174470222),(657,4,'2023-11-15',1926629690),(658,9,'2023-11-16',21414107),(659,9,'2023-11-16',13092437),(660,4,'2023-11-16',21414107),(661,14,'2023-11-16',13092437),(662,14,'2023-11-16',21414107),(663,7,'2023-11-16',1742463036),(664,7,'2023-11-16',21160619),(665,7,'2023-11-16',261862227),(666,7,'2023-11-16',21414107),(667,9,'2023-11-16',16034535),(668,14,'2023-11-16',16034535),(669,14,'2023-11-16',1174470222),(670,4,'2023-11-16',16034535),(671,6,'2023-11-16',16034535),(672,6,'2023-11-16',1174470222),(673,9,'2023-11-16',1174470222),(674,6,'2023-11-16',21414107),(675,6,'2023-11-16',1742463036),(676,3,'2023-11-16',21414107),(677,6,'2023-11-16',20494146),(678,6,'2023-11-16',12026995),(679,4,'2023-11-16',20494146),(680,3,'2023-11-16',12026995),(681,15,'2023-11-16',21414107),(682,9,'2023-11-16',26557327),(683,15,'2023-11-16',13092437),(684,9,'2023-11-16',14527967),(685,15,'2023-11-16',16034535),(686,14,'2023-11-16',1742463036),(687,3,'2023-11-16',20494146),(688,3,'2023-11-16',16034535),(689,14,'2023-11-16',1977332252),(690,9,'2023-11-16',1742463036),(691,4,'2023-11-16',1372855768),(692,4,'2023-11-16',13092437),(693,4,'2023-11-16',1174470222),(694,4,'2023-11-16',20089944),(695,4,'2023-11-16',1977332252),(697,1,'2023-11-16',515645751),(698,1,'2023-11-16',515645751),(699,1,'2023-11-16',515645751),(700,1,'2023-11-16',515645751),(701,1,'2023-11-16',515645751),(702,1,'2023-11-16',515645751),(703,1,'2023-11-16',515645751),(704,1,'2023-11-16',515645751),(705,1,'2023-11-16',515645751),(706,1,'2023-11-16',515645751),(707,1,'2023-11-16',515645751),(708,1,'2023-11-16',515645751),(709,1,'2023-11-16',515645751),(710,1,'2023-11-16',515645751),(711,1,'2023-11-16',515645751),(712,1,'2023-11-16',515645751),(713,1,'2023-11-16',515645751),(714,1,'2023-11-16',515645751),(715,1,'2023-11-16',515645751),(716,1,'2023-11-16',515645751),(717,1,'2023-11-16',515645751),(718,1,'2023-11-16',515645751),(719,1,'2023-11-16',515645751),(720,1,'2023-11-16',515645751),(721,1,'2023-11-16',515645751),(722,1,'2023-11-16',515645751),(723,1,'2023-11-16',515645751),(724,1,'2023-11-16',515645751),(725,1,'2023-11-16',515645751),(726,1,'2023-11-16',515645751),(727,1,'2023-11-16',515645751),(728,1,'2023-11-16',515645751),(729,1,'2023-11-16',515645751),(730,1,'2023-11-16',515645751),(731,1,'2023-11-16',515645751),(732,1,'2023-11-16',515645751),(733,1,'2023-11-16',515645751),(734,1,'2023-11-16',515645751),(735,1,'2023-11-16',515645751),(736,1,'2023-11-16',515645751),(737,1,'2023-11-16',515645751),(738,1,'2023-11-16',515645751),(739,1,'2023-11-16',515645751),(740,1,'2023-11-16',515645751),(741,1,'2023-11-16',515645751),(742,1,'2023-11-16',515645751),(743,1,'2023-11-16',515645751),(744,1,'2023-11-16',515645751),(745,1,'2023-11-16',515645751),(746,1,'2023-11-16',515645751),(747,1,'2023-11-16',515645751),(748,1,'2023-11-16',515645751),(749,1,'2023-11-16',515645751),(750,1,'2023-11-16',515645751),(751,1,'2023-11-16',515645751),(752,1,'2023-11-16',515645751),(753,1,'2023-11-16',515645751),(754,1,'2023-11-16',515645751),(755,1,'2023-11-16',515645751),(756,1,'2023-11-16',515645751),(757,1,'2023-11-16',515645751),(758,1,'2023-11-16',515645751),(759,1,'2023-11-16',515645751),(760,1,'2023-11-16',515645751),(761,1,'2023-11-16',515645751),(762,1,'2023-11-16',515645751),(763,1,'2023-11-16',515645751),(764,1,'2023-11-16',515645751),(765,1,'2023-11-16',515645751),(766,1,'2023-11-16',515645751),(767,1,'2023-11-16',515645751),(768,1,'2023-11-16',515645751),(769,1,'2023-11-16',515645751),(770,1,'2023-11-16',515645751),(771,1,'2023-11-16',515645751),(772,1,'2023-11-16',515645751),(773,1,'2023-11-16',515645751),(774,1,'2023-11-16',515645751),(775,1,'2023-11-16',515645751),(776,1,'2023-11-16',515645751),(777,1,'2023-11-16',515645751),(778,1,'2023-11-16',515645751),(779,1,'2023-11-16',515645751),(780,1,'2023-11-16',515645751),(781,1,'2023-11-16',515645751),(782,1,'2023-11-16',515645751),(783,1,'2023-11-16',515645751),(784,1,'2023-11-16',515645751),(785,1,'2023-11-16',515645751),(786,1,'2023-11-16',515645751),(787,1,'2023-11-16',515645751),(788,1,'2023-11-16',515645751),(789,1,'2023-11-16',515645751),(790,1,'2023-11-16',515645751),(791,1,'2023-11-16',515645751),(792,1,'2023-11-16',515645751),(793,1,'2023-11-16',515645751),(794,1,'2023-11-16',515645751),(795,1,'2023-11-16',515645751),(796,1,'2023-11-16',515645751),(797,1,'2023-11-16',515645751),(798,1,'2023-11-16',515645751),(799,1,'2023-11-16',515645751),(800,1,'2023-11-16',515645751),(801,1,'2023-11-16',515645751),(802,1,'2023-11-16',515645751),(803,1,'2023-11-16',515645751),(804,1,'2023-11-16',515645751),(805,1,'2023-11-16',515645751),(806,1,'2023-11-16',515645751),(807,1,'2023-11-16',515645751),(808,1,'2023-11-16',515645751),(809,1,'2023-11-16',515645751),(810,1,'2023-11-16',515645751),(811,1,'2023-11-16',515645751),(812,1,'2023-11-16',515645751),(813,1,'2023-11-16',515645751),(814,1,'2023-11-16',515645751),(815,1,'2023-11-16',515645751),(816,1,'2023-11-16',515645751),(817,1,'2023-11-16',515645751),(818,1,'2023-11-16',515645751),(819,1,'2023-11-16',515645751),(820,1,'2023-11-16',515645751),(821,1,'2023-11-16',515645751),(822,1,'2023-11-16',515645751),(823,1,'2023-11-16',515645751),(824,1,'2023-11-16',515645751),(825,1,'2023-11-16',515645751),(826,1,'2023-11-16',515645751),(827,1,'2023-11-16',515645751),(828,1,'2023-11-16',515645751),(829,1,'2023-11-16',515645751),(830,1,'2023-11-16',515645751),(831,1,'2023-11-16',515645751),(832,1,'2023-11-16',515645751),(833,1,'2023-11-16',515645751),(834,1,'2023-11-16',515645751),(835,1,'2023-11-16',515645751),(836,1,'2023-11-16',515645751),(837,1,'2023-11-16',515645751),(838,1,'2023-11-16',515645751),(839,1,'2023-11-16',515645751),(840,1,'2023-11-16',515645751),(841,1,'2023-11-16',515645751),(842,1,'2023-11-16',515645751),(843,1,'2023-11-16',515645751),(844,1,'2023-11-16',515645751),(845,1,'2023-11-16',515645751),(846,1,'2023-11-16',515645751),(847,1,'2023-11-16',515645751),(848,1,'2023-11-16',515645751),(849,1,'2023-11-16',515645751),(850,1,'2023-11-16',515645751),(851,1,'2023-11-16',515645751),(852,1,'2023-11-16',515645751),(853,1,'2023-11-16',515645751),(854,1,'2023-11-16',515645751),(855,1,'2023-11-16',515645751),(856,1,'2023-11-16',515645751),(857,1,'2023-11-16',515645751),(858,1,'2023-11-16',515645751),(859,1,'2023-11-16',515645751),(860,1,'2023-11-16',515645751),(861,1,'2023-11-16',515645751),(862,1,'2023-11-16',515645751),(863,1,'2023-11-16',515645751),(864,1,'2023-11-16',515645751),(865,1,'2023-11-16',515645751),(866,1,'2023-11-16',515645751),(867,1,'2023-11-16',515645751),(868,1,'2023-11-16',515645751),(869,1,'2023-11-16',515645751),(870,1,'2023-11-16',515645751),(871,1,'2023-11-16',515645751),(872,1,'2023-11-16',515645751),(873,1,'2023-11-16',515645751),(874,1,'2023-11-16',515645751),(875,1,'2023-11-16',515645751),(876,1,'2023-11-16',515645751),(877,1,'2023-11-16',515645751),(878,1,'2023-11-16',515645751),(879,1,'2023-11-16',515645751),(880,1,'2023-11-16',515645751),(881,1,'2023-11-16',515645751),(882,1,'2023-11-16',515645751),(883,1,'2023-11-16',515645751),(884,1,'2023-11-16',515645751),(885,1,'2023-11-16',515645751),(886,1,'2023-11-16',515645751),(887,1,'2023-11-16',515645751),(888,1,'2023-11-16',515645751),(889,1,'2023-11-16',515645751),(890,1,'2023-11-16',515645751),(891,1,'2023-11-16',515645751),(892,1,'2023-11-16',515645751),(893,1,'2023-11-16',515645751),(894,1,'2023-11-16',515645751),(895,1,'2023-11-16',515645751),(896,1,'2023-11-16',515645751),(897,1,'2023-11-16',515645751),(898,1,'2023-11-16',515645751),(899,1,'2023-11-16',515645751),(900,1,'2023-11-16',515645751),(901,1,'2023-11-16',515645751),(902,1,'2023-11-16',515645751),(903,1,'2023-11-16',515645751),(904,1,'2023-11-16',515645751),(905,1,'2023-11-16',515645751),(906,1,'2023-11-16',515645751),(907,1,'2023-11-16',515645751),(908,1,'2023-11-16',515645751),(909,1,'2023-11-16',515645751),(910,1,'2023-11-16',515645751),(911,1,'2023-11-16',515645751),(912,1,'2023-11-16',515645751),(913,1,'2023-11-16',515645751),(914,1,'2023-11-16',515645751),(915,1,'2023-11-16',515645751),(916,1,'2023-11-16',515645751),(917,1,'2023-11-16',515645751),(918,1,'2023-11-16',515645751),(919,1,'2023-11-16',515645751),(920,1,'2023-11-16',515645751),(921,1,'2023-11-16',515645751),(922,1,'2023-11-16',515645751),(923,9,'2023-11-16',1372855768),(924,3,'2023-11-16',1372855768),(925,3,'2023-11-16',1926629690),(926,3,'2023-11-16',1742463036),(927,3,'2023-11-16',20089944),(928,3,'2023-11-16',27238303),(929,3,'2023-11-16',13322805),(930,3,'2023-11-16',1563466700),(931,3,'2023-11-16',1411567340);
/*!40000 ALTER TABLE `visitors` ENABLE KEYS */;
UNLOCK TABLES;
/*!40103 SET TIME_ZONE=@OLD_TIME_ZONE */;

/*!40101 SET SQL_MODE=@OLD_SQL_MODE */;
/*!40014 SET FOREIGN_KEY_CHECKS=@OLD_FOREIGN_KEY_CHECKS */;
/*!40014 SET UNIQUE_CHECKS=@OLD_UNIQUE_CHECKS */;
/*!40101 SET CHARACTER_SET_CLIENT=@OLD_CHARACTER_SET_CLIENT */;
/*!40101 SET CHARACTER_SET_RESULTS=@OLD_CHARACTER_SET_RESULTS */;
/*!40101 SET COLLATION_CONNECTION=@OLD_COLLATION_CONNECTION */;
/*!40111 SET SQL_NOTES=@OLD_SQL_NOTES */;

-- Dump completed on 2023-11-16 16:39:05
